"Matriz","Pagina","Marcos","Politica","Accesos","Fallos","Exitosos","TasaFallos"
"8x8","64","4","FIFO","1922","2","1920","0,00104058272632674"
"8x8","64","4","FIFOModified","1922","2","1920","0,00104058272632674"
"8x8","64","4","LRU","1922","2","1920","0,00104058272632674"
"8x8","64","8","FIFO","1922","2","1920","0,00104058272632674"
"8x8","64","8","FIFOModified","1922","2","1920","0,00104058272632674"
"8x8","64","8","LRU","1922","2","1920","0,00104058272632674"
"8x8","64","16","FIFO","1922","2","1920","0,00104058272632674"
"8x8","64","16","FIFOModified","1922","2","1920","0,00104058272632674"
"8x8","64","16","LRU","1922","2","1920","0,00104058272632674"
"8x8","256","4","FIFO","1921","1","1920","0,000520562207183758"
"8x8","256","4","FIFOModified","1921","1","1920","0,000520562207183758"
"8x8","256","4","LRU","1921","1","1920","0,000520562207183758"
"8x8","256","8","FIFO","1921","1","1920","0,000520562207183758"
"8x8","256","8","FIFOModified","1921","1","1920","0,000520562207183758"
"8x8","256","8","LRU","1921","1","1920","0,000520562207183758"
"8x8","256","16","FIFO","1921","1","1920","0,000520562207183758"
"8x8","256","16","FIFOModified","1921","1","1920","0,000520562207183758"
"8x8","256","16","LRU","1921","1","1920","0,000520562207183758"
"8x8","1024","4","FIFO","1921","1","1920","0,000520562207183758"
"8x8","1024","4","FIFOModified","1921","1","1920","0,000520562207183758"
"8x8","1024","4","LRU","1921","1","1920","0,000520562207183758"
"8x8","1024","8","FIFO","1921","1","1920","0,000520562207183758"
"8x8","1024","8","FIFOModified","1921","1","1920","0,000520562207183758"
"8x8","1024","8","LRU","1921","1","1920","0,000520562207183758"
"8x8","1024","16","FIFO","1921","1","1920","0,000520562207183758"
"8x8","1024","16","FIFOModified","1921","1","1920","0,000520562207183758"
"8x8","1024","16","LRU","1921","1","1920","0,000520562207183758"
"16x16","64","4","FIFO","8105","425","7680","0,0524367674275139"
"16x16","64","4","FIFOModified","8021","341","7680","0,0425134023189129"
"16x16","64","4","LRU","8021","341","7680","0,0425134023189129"
"16x16","64","8","FIFO","7685","5","7680","0,000650618087182824"
"16x16","64","8","FIFOModified","7685","5","7680","0,000650618087182824"
"16x16","64","8","LRU","7685","5","7680","0,000650618087182824"
"16x16","64","16","FIFO","7685","5","7680","0,000650618087182824"
"16x16","64","16","FIFOModified","7685","5","7680","0,000650618087182824"
"16x16","64","16","LRU","7685","5","7680","0,000650618087182824"
"16x16","256","4","FIFO","7682","2","7680","0,000260348867482426"
"16x16","256","4","FIFOModified","7682","2","7680","0,000260348867482426"
"16x16","256","4","LRU","7682","2","7680","0,000260348867482426"
"16x16","256","8","FIFO","7682","2","7680","0,000260348867482426"
"16x16","256","8","FIFOModified","7682","2","7680","0,000260348867482426"
"16x16","256","8","LRU","7682","2","7680","0,000260348867482426"
"16x16","256","16","FIFO","7682","2","7680","0,000260348867482426"
"16x16","256","16","FIFOModified","7682","2","7680","0,000260348867482426"
"16x16","256","16","LRU","7682","2","7680","0,000260348867482426"
"16x16","1024","4","FIFO","7681","1","7680","0,000130191381330556"
"16x16","1024","4","FIFOModified","7681","1","7680","0,000130191381330556"
"16x16","1024","4","LRU","7681","1","7680","0,000130191381330556"
"16x16","1024","8","FIFO","7681","1","7680","0,000130191381330556"
"16x16","1024","8","FIFOModified","7681","1","7680","0,000130191381330556"
"16x16","1024","8","LRU","7681","1","7680","0,000130191381330556"
"16x16","1024","16","FIFO","7681","1","7680","0,000130191381330556"
"16x16","1024","16","FIFOModified","7681","1","7680","0,000130191381330556"
"16x16","1024","16","LRU","7681","1","7680","0,000130191381330556"
"128x128","64","4","FIFO","595840","104320","491520","0,175080558539205"
"128x128","64","4","FIFOModified","577280","85760","491520","0,148558758314856"
"128x128","64","4","LRU","577280","85760","491520","0,148558758314856"
"128x128","64","8","FIFO","585280","93760","491520","0,160196828868234"
"128x128","64","8","FIFOModified","576001","84481","491520","0,146668148145576"
"128x128","64","8","LRU","576001","84481","491520","0,146668148145576"
"128x128","64","16","FIFO","580000","88480","491520","0,152551724137931"
"128x128","64","16","FIFOModified","576001","84481","491520","0,146668148145576"
"128x128","64","16","LRU","576001","84481","491520","0,146668148145576"
"128x128","256","4","FIFO","543120","51600","491520","0,0950066283694211"
"128x128","256","4","FIFOModified","532801","41281","491520","0,0774792089354187"
"128x128","256","4","LRU","532801","41281","491520","0,0774792089354187"
"128x128","256","8","FIFO","537960","46440","491520","0,0863261209011822"
"128x128","256","8","FIFOModified","532801","41281","491520","0,0774792089354187"
"128x128","256","8","LRU","532801","41281","491520","0,0774792089354187"
"128x128","256","16","FIFO","535380","43860","491520","0,0819231200268968"
"128x128","256","16","FIFOModified","532801","41281","491520","0,0774792089354187"
"128x128","256","16","LRU","532801","41281","491520","0,0774792089354187"
"128x128","1024","4","FIFO","504420","12900","491520","0,0255739264898299"
"128x128","1024","4","FIFOModified","501841","10321","491520","0,0205662749755401"
"128x128","1024","4","LRU","501841","10321","491520","0,0205662749755401"
"128x128","1024","8","FIFO","503130","11610","491520","0,0230755470753086"
"128x128","1024","8","FIFOModified","501841","10321","491520","0,0205662749755401"
"128x128","1024","8","LRU","501841","10321","491520","0,0205662749755401"
"128x128","1024","16","FIFO","502485","10965","491520","0,0218215469118481"
"128x128","1024","16","FIFOModified","501841","10321","491520","0,0205662749755401"
"128x128","1024","16","LRU","501841","10321","491520","0,0205662749755401"
